{"value_loss":0.4054766058921814,"winner":1,"game":3000,"_timestamp":1.7671165981372406e+09,"buffer_size":10000,"_step":2999,"_wandb":{"runtime":36124},"_runtime":36124,"policy_loss":1.583482813835144,"game_len":35,"total_loss":1.9889594316482544}